Req ID,Test ID
R-8,T-8
R-9,T-9
R-38,T-38
R-45,T-45
R-55,T-55
R-58,T-58
R-60,T-60
R-61,
R-72,T-72
R-83,
R-85,
R-89,
R-115,T-115
R-117,T-117
R-130,T-130
R-132,
R-136,T-136
R-137,
R-142,
R-147,T-147
R-159,T-159
R-163,T-163
R-167,T-167
R-169,T-169
R-175,T-175
R-176,T-176
R-183,T-183
R-186,T-186
R-187,T-187
R-204,T-204
R-207,T-207
R-208,T-208
R-215,T-215
R-222,T-222
R-224,T-224
R-231,T-231
R-251,T-251
R-255,T-255
R-259,T-259
R-261,T-261
R-281,
R-287,
R-293,
R-298,T-298
R-305,T-305
R-308,T-308
R-309,T-309
R-315,T-315
R-316,T-316
R-326,
